reference	alternate	count
W	W	0
W	F	0
W	E	0
W	G	419
W	V	0
W	R	2203
W	M	0
W	S	474
W	D	0
W	C	4080
W	Y	0
W	H	0
W	T	0
W	N	0
W	L	2276
W	I	0
W	Q	0
W	P	0
W	A	0
W	K	0
F	W	0
F	F	0
F	E	0
F	G	0
F	V	4403
F	R	0
F	M	0
F	S	3277
F	D	0
F	C	4522
F	Y	1470
F	H	0
F	T	0
F	N	0
F	L	20103
F	I	1986
F	Q	0
F	P	0
F	A	0
F	K	0
E	W	0
E	F	0
E	E	0
E	G	6806
E	V	3325
E	R	0
E	M	0
E	S	0
E	D	26215
E	C	0
E	Y	0
E	H	0
E	T	0
E	N	0
E	L	0
E	I	0
E	Q	16826
E	P	0
E	A	2835
E	K	71412
G	W	4520
G	F	0
G	E	20650
G	G	0
G	V	13545
G	R	20748
G	M	0
G	S	13135
G	D	13688
G	C	8866
G	Y	0
G	H	0
G	T	0
G	N	0
G	L	0
G	I	0
G	Q	0
G	P	0
G	A	4593
G	K	0
V	W	0
V	F	4031
V	E	1852
V	G	2569
V	V	0
V	R	0
V	M	15570
V	S	0
V	D	1282
V	C	0
V	Y	0
V	H	0
V	T	0
V	N	0
V	L	9454
V	I	17849
V	Q	0
V	P	0
V	A	12507
V	K	0
R	W	30629
R	F	0
R	E	0
R	G	5685
R	V	0
R	R	0
R	M	5226
R	S	7151
R	D	0
R	C	45727
R	Y	0
R	H	45615
R	T	4400
R	N	0
R	L	8550
R	I	13920
R	Q	49043
R	P	2856
R	A	0
R	K	10845
M	W	0
M	F	0
M	E	0
M	G	0
M	V	3919
M	R	570
M	M	0
M	S	0
M	D	0
M	C	0
M	Y	0
M	H	0
M	T	3124
M	N	0
M	L	1903
M	I	15452
M	Q	0
M	P	0
M	A	0
M	K	809
S	W	652
S	F	28078
S	E	0
S	G	3746
S	V	0
S	R	6706
S	M	0
S	S	0
S	D	0
S	C	9384
S	Y	17012
S	H	0
S	T	4051
S	N	10149
S	L	26754
S	I	7023
S	Q	0
S	P	6090
S	A	2010
S	K	0
D	W	0
D	F	0
D	E	5957
D	G	8707
D	V	2954
D	R	0
D	M	0
D	S	0
D	D	0
D	C	0
D	Y	19037
D	H	8606
D	T	0
D	N	40388
D	L	0
D	I	0
D	Q	0
D	P	0
D	A	1707
D	K	0
C	W	901
C	F	3381
C	E	0
C	G	875
C	V	0
C	R	2691
C	M	0
C	S	2339
C	D	0
C	C	0
C	Y	6142
C	H	0
C	T	0
C	N	0
C	L	0
C	I	0
C	Q	0
C	P	0
C	A	0
C	K	0
Y	W	0
Y	F	1791
Y	E	0
Y	G	0
Y	V	0
Y	R	0
Y	M	0
Y	S	742
Y	D	881
Y	C	8681
Y	Y	0
Y	H	5481
Y	T	0
Y	N	1458
Y	L	0
Y	I	0
Y	Q	0
Y	P	0
Y	A	0
Y	K	0
H	W	0
H	F	0
H	E	0
H	G	0
H	V	0
H	R	5035
H	M	0
H	S	0
H	D	1549
H	C	0
H	Y	11570
H	H	0
H	T	0
H	N	4096
H	L	1525
H	I	0
H	Q	3374
H	P	899
H	A	0
H	K	0
T	W	0
T	F	0
T	E	0
T	G	0
T	V	0
T	R	1250
T	M	15587
T	S	4732
T	D	0
T	C	0
T	Y	0
T	H	0
T	T	0
T	N	4785
T	L	0
T	I	12402
T	Q	0
T	P	2145
T	A	11600
T	K	2412
N	W	0
N	F	0
N	E	0
N	G	0
N	V	0
N	R	0
N	M	0
N	S	8048
N	D	4034
N	C	0
N	Y	1636
N	H	3362
N	T	2727
N	N	0
N	L	0
N	I	2315
N	Q	0
N	P	0
N	A	0
N	K	5706
L	W	419
L	F	18969
L	E	0
L	G	0
L	V	10980
L	R	4447
L	M	10684
L	S	2481
L	D	0
L	C	0
L	Y	0
L	H	1679
L	T	0
L	N	0
L	L	0
L	I	17512
L	Q	2318
L	P	8451
L	A	0
L	K	0
I	W	0
I	F	2390
I	E	0
I	G	0
I	V	7437
I	R	265
I	M	8059
I	S	2414
I	D	0
I	C	0
I	Y	0
I	H	0
I	T	6085
I	N	2160
I	L	2469
I	I	0
I	Q	0
I	P	0
I	A	0
I	K	417
Q	W	0
Q	F	0
Q	E	5669
Q	G	0
Q	V	0
Q	R	5646
Q	M	0
Q	S	0
Q	D	0
Q	C	0
Q	Y	0
Q	H	16876
Q	T	0
Q	N	0
Q	L	3045
Q	I	0
Q	Q	0
Q	P	1904
Q	A	0
Q	K	5658
P	W	0
P	F	0
P	E	0
P	G	0
P	V	0
P	R	2929
P	M	0
P	S	36527
P	D	0
P	C	0
P	Y	0
P	H	10619
P	T	9615
P	N	0
P	L	32383
P	I	0
P	Q	3568
P	P	0
P	A	3973
P	K	0
A	W	0
A	F	0
A	E	2632
A	G	2895
A	V	44282
A	R	0
A	M	0
A	S	12178
A	D	7001
A	C	0
A	Y	0
A	H	0
A	T	45482
A	N	0
A	L	0
A	I	0
A	Q	0
A	P	3029
A	A	0
A	K	0
K	W	0
K	F	0
K	E	6360
K	G	0
K	V	0
K	R	5928
K	M	1856
K	S	0
K	D	0
K	C	0
K	Y	0
K	H	0
K	T	9152
K	N	27619
K	L	0
K	I	1174
K	Q	3679
K	P	0
K	A	0
K	K	0
